INSERT INTO recipe (id, name, description, preparation) VALUES
  (1, 'Супа пилешка', 'здравословна, без запържване/задушаване', ''),
  (2, 'Супа спаначена постна', '', 'В постния вариант да се прави с червен пипер, иначе е блудково на вкус и цвят.'),
  (3, 'Супа топчета', '', ''),
  (4, 'Супа спаначена', 'Със застройка', 'В малко мазнина се задушават лука и моркова. Добавя се измитата коприва (измития и нарязан спанак) и се обърква хубаво с моркова и лука. След това се налива топла вода, като количеството зависи от желаната гъстота на супата. След като копривата поври 15-20 минути се добавя картоф (или ориз) и малко преди да е готов се добавя фидето. Супата се овкусява със сол и се добавя джоджен на вкус. След като е готово и фидето супата се застройва със застройка, приготвена от ЖЪЛТЪКА, разбит с киселото мляко.'),
  (5, 'Борщ постен', 'украинска супа в постен вариант', ''),
  (6, 'Крем супа с червена леща', '', ''),
  (7, 'Содена питка', 'постна содена питка', 'Пресяваме брашното заедно със солта и бакпулвера.\nВ чашка смесваме содата и захарта, разбъркваме и смесваме с водата.\nПравим кладенче в брашното, добавяме олиото и започваме да наливаме по малко вода.\nЗамесваме тестото и месим 10 мин, докато се замеси меко лепкаво тесто.\nОставяме малко да почине 10 мин. и оформяме питката във форма по желание.\nСлагаме паричка и клонка дрен увити в алуминиево фолио и ги забождаме в тестото.\nВъв форма поръсваме обилно с брашно и слагаме обредният хляб.\nПечем в предварително загрята на 200*С фурна 40-50 мин.\nИзваждаме, заливаме с тънка струйка растителна мазнина, поръсваме с шарена сол, пипер и задушаваме с кърпа.\nРазчупва се питката от най-възрастният член на семейството, като първото парче е за дома и всяко следващо за членовете на семейството.\nВ който се падне паричката, той ще бъда благословен да издържа семейството и носи паричките в дома.\nДренът ще носи здраве на този, в който се е паднало късметчето.'),
  (8, 'Борщ', 'украинска супа в класически вариант', ''),
  (9, 'Крем супа с тиквички', '', 'Подходящи подправки - сол, черен пипер, дафинов лист, куркума, чесън, копър.'),
  (10, 'Супа със замразени зелечуци', '', 'Може да се разнообрази с нарязани маслини или по-различен замразен зеленчуков микс.'),
  (11, 'Баница с масло', 'С шупли', 'В купа се разбиват 4 -5 яйца ( според големината им)\nКъм тях се добавя 350-400 гр сирене едро натрошено  и се разбърква добре с яйцата.\nДобавят се 3 суп. л. брашно и 8 суп.л кисело мляко с добавена 1 кафена .л .равна сода за хляб в него .\nВсичко се разбърква много добре и към сместта се слага 1 малко разтопено пакетче масло125гр.  ( маслото да не е горещо).\nТавата за баницата се намазва с олио, фурната на печката се включва на 180 градуса да загрява , докато се приготвя баницата.\nВзима се 1 кора, намазва се със сместта и се навива на руло.(Тази баница се прави с по 1 брой навита кора на руло!!!- не слагайте по 2) Рулата се навиват в тавата плътно едно до друго.\nОтгоре баницата се залива с 1 разбито яйце ( ако ви е останало малко от сместта го разбийте в нея), добавя се 2 суп. л. прясно мляко към него  и се оставя залята за 10 мин. да поседи .\nПреди да се сложи във фурната отгоре се нарязват съвсем малки парченца масло( около 20-25 грама).\nПече се около 25-30 мин.\nСлед изваждане се обръща върху 2 купи, докато изстине.'),
  (12, 'Супа със свинско и зеленчуци', 'С червен пипер', 'С червен пипер'),
  (13, 'Рассольник', 'Супа с кисели краставички', ''),
  (14, 'Крем супа с гъби', '', 'Подходящи подправки - черен пипер, сол, дафинов лист, куркума, чесън, риган, копър.\nМоже да се направи с олио и/или масло.'),
  (15, 'Крем супа с броколи и/или карфиол', '', 'Може да се приготви с олио и/или масло.'),
  (16, 'Супа пилешка с грах', 'Супа със зрял грах', ''),
  (17, 'Супа с домати', '', 'Може да се приготви с пресни домати или от буркан, но домашен. Задължително е да се сложи много магданоз.');
  
INSERT INTO tag (id, value) VALUES
  (1, 'супа'),
  (2, 'постно'),
  (3, 'печиво'),
  (4, 'баница');

INSERT INTO product (id, name) VALUES
  (1, 'месо пилешко'),
  (2, 'воденички'),
  (3, 'морков'),
  (4, 'лук стар'),
  (5, 'пиперка зелена'),
  (6, 'картоф'),
  (7, 'зеле прясно'),
  (8, 'спанак'),
  (9, 'фиде'),
  (10, 'кайма смес'),
  (11, 'мляко кисело'),
  (12, 'яйце'),
  (13, 'цвекло'),
  (14, 'пиперка червена'),
  (15, 'пюре доматено'),
  (16, 'боб зрял'),
  (17, 'олио'),
  (18, 'леща червена'),
  (19, 'брашно'),
  (20, 'вода'),
  (21, 'сол'),
  (22, 'захар'),
  (23, 'бакпулвер'),
  (24, 'сода'),
  (25, 'рагу'),
  (26, 'тиквичка'),
  (27, 'замразени зеленчуци'),
  (28, 'сирене краве'),
  (29, 'масло краве'),
  (30, 'кори за баница'),
  (31, 'мляко прясно'),
  (32, 'краставица кисела'),
  (33, 'ечемик'),
  (34, 'гъби'),
  (35, 'броколи'),
  (36, 'карфиол'),
  (37, 'грах зрял'),
  (38, 'домат');

INSERT INTO recipe_tags (recipe_id, tag_id) VALUES
  (1, 1),
  (2, 1),
  (2, 2),
  (3, 1),
  (4, 1),
  (5, 1),
  (5, 2),
  (6, 1),
  (6, 2),
  (7, 2),
  (7, 3),
  (8, 1),
  (9, 1),
  (9, 2),
  (10, 1),
  (10, 2),
  (11, 4),
  (12, 1),
  (13, 1),
  (14, 1),
  (14, 2),
  (15, 1),
  (15, 2),
  (16, 1),
  (17, 1),
  (17, 2);

INSERT INTO ingredient (id, recipe_id, product_id, amount, unit) VALUES
  (1, 1, 1, 0.0, 'COUNT'),
  (2, 1, 2, 0.0, 'COUNT'),
  (3, 1, 3, 0.0, 'COUNT'),
  (4, 1, 4, 0.0, 'COUNT'),
  (5, 1, 5, 0.0, 'COUNT'),
  (6, 1, 6, 0.0, 'COUNT'),
  (7, 1, 7, 0.0, 'COUNT'),
  (8, 2, 6, 0.0, 'COUNT'),
  (9, 2, 3, 0.0, 'COUNT'),
  (10, 2, 4, 0.0, 'COUNT'),
  (11, 2, 8, 0.0, 'COUNT'),
  (12, 2, 9, 0.0, 'COUNT'),
  (13, 3, 10, 0.0, 'COUNT'),
  (14, 3, 6, 0.0, 'COUNT'),
  (15, 3, 3, 0.0, 'COUNT'),
  (16, 3, 4, 0.0, 'COUNT'),
  (17, 3, 5, 0.0, 'COUNT'),
  (18, 4, 8, 500.0, 'WEIGHT'),
  (19, 4, 6, 0.0, 'COUNT'),
  (20, 4, 4, 0.0, 'COUNT'),
  (21, 4, 3, 0.0, 'COUNT'),
  (22, 4, 9, 0.0, 'COUNT'),
  (23, 4, 11, 200.0, 'WEIGHT'),
  (24, 4, 12, 1.0, 'COUNT'),
  (25, 5, 13, 0.0, 'COUNT'),
  (26, 5, 3, 0.0, 'COUNT'),
  (27, 5, 4, 0.0, 'COUNT'),
  (28, 5, 7, 0.0, 'COUNT'),
  (29, 5, 5, 0.0, 'COUNT'),
  (30, 5, 14, 0.0, 'COUNT'),
  (31, 5, 15, 0.0, 'COUNT'),
  (32, 5, 16, 0.0, 'COUNT'),
  (33, 5, 6, 0.0, 'COUNT'),
  (34, 5, 17, 0.0, 'COUNT'),
  (35, 6, 18, 0.0, 'COUNT'),
  (36, 6, 3, 0.0, 'COUNT'),
  (37, 6, 4, 0.0, 'COUNT'),
  (38, 6, 5, 0.0, 'COUNT'),
  (39, 6, 14, 0.0, 'COUNT'),
  (40, 7, 19, 500.0, 'WEIGHT'),
  (41, 7, 20, 300.0, 'VOLUME'),
  (42, 7, 21, 1.0, 'TEA_SPOON'),
  (43, 7, 22, 1.0, 'SOUP_SPOON'),
  (44, 7, 23, 1.0, 'COUNT'),
  (45, 7, 17, 3.0, 'SOUP_SPOON'),
  (46, 7, 24, 1.0, 'TEA_SPOON'),
  (47, 8, 13, 0.0, 'COUNT'),
  (48, 8, 3, 0.0, 'COUNT'),
  (49, 8, 4, 0.0, 'COUNT'),
  (50, 8, 7, 0.0, 'COUNT'),
  (51, 8, 5, 0.0, 'COUNT'),
  (52, 8, 14, 0.0, 'COUNT'),
  (53, 8, 15, 0.0, 'COUNT'),
  (54, 8, 16, 0.0, 'COUNT'),
  (55, 8, 6, 0.0, 'COUNT'),
  (56, 8, 17, 0.0, 'COUNT'),
  (57, 8, 25, 0.0, 'COUNT'),
  (58, 9, 6, 0.0, 'COUNT'),
  (59, 9, 3, 0.0, 'COUNT'),
  (60, 9, 4, 0.0, 'COUNT'),
  (61, 9, 26, 0.0, 'COUNT'),
  (62, 10, 27, 0.0, 'COUNT'),
  (63, 10, 6, 0.0, 'COUNT'),
  (64, 10, 4, 0.0, 'COUNT'),
  (65, 10, 9, 0.0, 'COUNT'),
  (66, 11, 12, 5.0, 'COUNT'),
  (67, 11, 28, 400.0, 'WEIGHT'),
  (68, 11, 11, 8.0, 'SOUP_SPOON'),
  (69, 11, 19, 3.0, 'SOUP_SPOON'),
  (70, 11, 24, 1.0, 'COFFE_SPOON'),
  (71, 11, 29, 150.0, 'WEIGHT'),
  (72, 11, 30, 1.0, 'COUNT'),
  (73, 11, 31, 2.0, 'SOUP_SPOON'),
  (74, 12, 25, 0.0, 'COUNT'),
  (75, 12, 27, 0.0, 'COUNT'),
  (76, 13, 25, 0.0, 'COUNT'),
  (77, 13, 6, 0.0, 'COUNT'),
  (78, 13, 3, 0.0, 'COUNT'),
  (79, 13, 4, 0.0, 'COUNT'),
  (80, 13, 32, 0.0, 'COUNT'),
  (81, 13, 33, 0.0, 'COUNT'),
  (82, 13, 17, 0.0, 'COUNT'),
  (83, 14, 6, 0.0, 'COUNT'),
  (84, 14, 3, 0.0, 'COUNT'),
  (85, 14, 4, 0.0, 'COUNT'),
  (86, 14, 34, 0.0, 'COUNT'),
  (87, 14, 17, 0.0, 'COUNT'),
  (88, 15, 6, 0.0, 'COUNT'),
  (89, 15, 4, 0.0, 'COUNT'),
  (90, 15, 3, 0.0, 'COUNT'),
  (91, 15, 35, 0.0, 'COUNT'),
  (92, 15, 36, 0.0, 'COUNT'),
  (93, 16, 1, 0.0, 'COUNT'),
  (94, 16, 6, 0.0, 'COUNT'),
  (95, 16, 3, 0.0, 'COUNT'),
  (96, 16, 4, 0.0, 'COUNT'),
  (97, 16, 37, 0.0, 'COUNT'),
  (98, 16, 5, 0.0, 'COUNT'),
  (99, 17, 4, 0.0, 'COUNT'),
  (100, 17, 38, 0.0, 'COUNT'),
  (101, 17, 9, 0.0, 'COUNT');

ALTER SEQUENCE recipe_generator RESTART WITH (SELECT COUNT(*) +1 FROM recipe);
ALTER SEQUENCE tag_generator RESTART WITH (SELECT COUNT(*) +1 FROM tag);
ALTER SEQUENCE product_generator RESTART WITH (SELECT COUNT(*) +1 FROM product);
ALTER SEQUENCE ingredient_generator RESTART WITH (SELECT COUNT(*) +1 FROM ingredient);
